{
  "pipeline": "bm25",
  "domain": "finance",
  "n": 1,
  "success_rate": 1.0,
  "latency": {
    "mean_s": 16.258852417,
    "median_s": 16.258852417,
    "p50_s": 16.258852417,
    "p95_s": 16.258852417,
    "min_s": 16.258852417,
    "max_s": 16.258852417
  },
  "memory": {
    "mean_delta_mb": 1.589248,
    "max_delta_mb": 1.589248,
    "peak_rss_mb": 39.829504
  },
  "tokens": {
    "total": 4322,
    "mean_per_query": 4322
  },
  "cost": {
    "total_usd": 0.0,
    "mean_per_query_usd": 0.0
  },
  "errors": {
    "none": 1
  },
  "latency_by_type": {
    "factual_numeric": {
      "mean_s": 16.258852417,
      "n": 1
    }
  }
}